title,difficulties,qnum,classifier,url
C100,C,100,1,https://blog.hamayanhamayan.com/entry/2018/06/17/104158
C103,C,103,11,https://blog.hamayanhamayan.com/entry/2018/07/21/225828
C104,C,104,5,https://blog.hamayanhamayan.com/entry/2018/08/05/232112
C106,C,106,9,https://blog.hamayanhamayan.com/entry/2018/08/18/232154
C109,C,109,10,https://blog.hamayanhamayan.com/entry/2018/09/09/004259
C110,C,110,1,https://blog.hamayanhamayan.com/entry/2018/09/23/234811
C112,C,112,2,https://blog.hamayanhamayan.com/entry/2018/10/06/233650
C113,C,113,1,https://blog.hamayanhamayan.com/entry/2018/11/07/190731
C114,C,114,1,https://blog.hamayanhamayan.com/entry/2018/12/02/231238
C115,C,115,1,https://blog.hamayanhamayan.com/entry/2018/12/09/095811
C116,C,116,9,https://blog.hamayanhamayan.com/entry/2019/01/20/235557
C118,C,118,10,https://blog.hamayanhamayan.com/entry/2019/02/17/002418
C119,C,119,15,https://blog.hamayanhamayan.com/entry/2019/02/24/235359
C120,C,120,9,https://blog.hamayanhamayan.com/entry/2019/03/03/233251
C122,C,122,2,https://blog.hamayanhamayan.com/entry/2019/03/25/231455
C123,C,123,2,https://blog.hamayanhamayan.com/entry/2019/04/07/104037
C124,C,124,11,https://blog.hamayanhamayan.com/entry/2019/04/14/001053
C125,C,125,2,https://blog.hamayanhamayan.com/entry/2019/04/28/085936
C126,C,126,1,https://blog.hamayanhamayan.com/entry/2019/05/20/231750
C128,C,128,1,https://blog.hamayanhamayan.com/entry/2019/06/03/202146
C129,C,129,5,https://blog.hamayanhamayan.com/entry/2019/06/10/003202
C130,C,130,10,https://blog.hamayanhamayan.com/entry/2019/06/17/210553
C131,C,131,2,https://blog.hamayanhamayan.com/entry/2019/06/22/225606
C132,C,132,9,https://blog.hamayanhamayan.com/entry/2019/06/30/100033
C133,C,133,1,https://blog.hamayanhamayan.com/entry/2019/07/08/212920
C134,C,134,2,https://blog.hamayanhamayan.com/entry/2019/07/20/232444
C135,C,135,9,https://blog.hamayanhamayan.com/entry/2019/07/28/111818
C136,C,136,2,https://blog.hamayanhamayan.com/entry/2019/08/07/204311
C137,C,137,1,https://blog.hamayanhamayan.com/entry/2019/08/14/131211
C138,C,138,1,https://blog.hamayanhamayan.com/entry/2019/08/19/024028
C139,C,139,1,https://blog.hamayanhamayan.com/entry/2019/09/04/220606_2
C140,C,140,9,https://blog.hamayanhamayan.com/entry/2019/09/11/203310
C141,C,141,1,https://atcoder.jp/contests/abc141/editorial/2210
C142,C,142,1,https://blog.hamayanhamayan.com/entry/2019/09/28/230626_1
C143,C,143,4,https://blog.hamayanhamayan.com/entry/2019/10/19/234640
C144,C,144,10,https://blog.hamayanhamayan.com/entry/2019/10/27/233431_1
C145,C,145,1,https://blog.hamayanhamayan.com/entry/2019/11/16/233917
C146,C,146,3,https://blog.hamayanhamayan.com/entry/2019/11/24/231012
C147,C,147,1,https://blog.hamayanhamayan.com/entry/2019/12/13/214342
C148,C,148,10,https://blog.hamayanhamayan.com/entry/2019/12/23/215937
C150,C,150,1,https://blog.hamayanhamayan.com/entry/2020/01/11/144924
C151,C,151,2,https://blog.hamayanhamayan.com/entry/2020/01/12/225850
C152,C,152,1,https://blog.hamayanhamayan.com/entry/2020/01/25/120726
C154,C,154,1,https://blog.hamayanhamayan.com/entry/2020/02/09/224942
C155,C,155,1,https://blog.hamayanhamayan.com/entry/2020/02/16/230827
C156,C,156,1,https://blog.hamayanhamayan.com/entry/2020/02/24/091829
C157,C,157,1,https://blog.hamayanhamayan.com/entry/2020/03/02/000908
C160,C,160,9,https://blog.hamayanhamayan.com/entry/2020/03/29/034804
C167,C,167,1,https://blog.hamayanhamayan.com/entry/2020/05/10/232813
C169,C,169,1,https://blog.hamayanhamayan.com/entry/2020/06/01/210603
C170,C,170,1,https://blog.hamayanhamayan.com/entry/2020/06/14/231912
C171,C,171,11,https://blog.hamayanhamayan.com/entry/2020/06/23/193042
C172,C,172,3,https://blog.hamayanhamayan.com/entry/2020/06/27/230511
C173,C,173,1,https://blog.hamayanhamayan.com/entry/2020/07/05/235310
C175,C,175,1,https://atcoder.jp/contests/abc175/editorial/52
C176,C,176,2,https://atcoder.jp/contests/abc176/editorial/61
C177,C,177,11,https://atcoder.jp/contests/abc177/editorial/88
C178,C,178,11,https://atcoder.jp/contests/abc178/editorial/104
C179,C,179,1,https://atcoder.jp/contests/abc179/editorial/99
C180,C,180,10,https://atcoder.jp/contests/abc180/editorial/181
C181,C,181,1,https://atcoder.jp/contests/abc181/editorial/258
C182,C,182,1,https://atcoder.jp/contests/abc182/editorial/290
C183,C,183,1,https://atcoder.jp/contests/abc183/editorial/286
C185,C,185,1,https://atcoder.jp/contests/abc185/editorial/358
C186,C,186,3,https://atcoder.jp/contests/abc186/editorial/403
C187,C,187,5,https://atcoder.jp/contests/abc187/editorial/485
C188,C,188,3,https://atcoder.jp/contests/abc188/editorial/481
C189,C,189,1,https://atcoder.jp/contests/abc189/editorial/533
C190,C,190,1,https://atcoder.jp/contests/abc190/editorial/626
C191,C,191,7,https://atcoder.jp/contests/abc191/editorial/612
C192,C,192,1,https://blog.hamayanhamayan.com/entry/2021/02/20/233616
C193,C,193,3,https://atcoder.jp/contests/abc193/editorial/1093
C194,C,194,1,https://blog.hamayanhamayan.com/entry/2021/03/07/000632
C195,C,195,1,https://blog.hamayanhamayan.com/entry/2021/03/14/002012
C199,C,199,5,https://blog.hamayanhamayan.com/entry/2021/04/25/002202
C200,C,200,11,https://blog.hamayanhamayan.com/entry/2021/05/08/233451
C201,C,201,3,https://blog.hamayanhamayan.com/entry/2021/05/15/235640
C202,C,202,1,https://blog.hamayanhamayan.com/entry/2021/05/22/225302
C203,C,203,15,https://blog.hamayanhamayan.com/entry/2021/05/30/225813
C208,C,208,1,https://blog.hamayanhamayan.com/entry/2021/07/05/013118
C209,C,209,11,https://blog.hamayanhamayan.com/entry/2021/07/11/153920
C210,C,210,6,https://blog.hamayanhamayan.com/entry/2021/07/17/233052
C211,C,211,5,https://atcoder.jp/contests/abc211/editorial/2287
C212,C,212,3,https://atcoder.jp/contests/abc212/editorial/2644
C213,C,213,4,https://blog.hamayanhamayan.com/entry/2021/08/09/010106
C215,C,215,15,https://blog.hamayanhamayan.com/entry/2021/08/21/235037
C216,C,216,11,https://blog.hamayanhamayan.com/entry/2021/08/29/230859
C217,C,217,1,https://atcoder.jp/contests/abc217/editorial/3738
C218,C,218,1,https://atcoder.jp/contests/abc218/editorial/2637
C219,C,219,1,https://blog.hamayanhamayan.com/entry/2021/10/10/145543
C220,C,220,5,https://atcoder.jp/contests/abc220/editorial/2683
C221,C,221,2,https://atcoder.jp/contests/abc221/editorial/2730
C222,C,222,1,https://blog.hamayanhamayan.com/entry/2021/10/10/131439
C223,C,223,3,https://atcoder.jp/contests/abc223/editorial/2773
C224,C,224,10,https://atcoder.jp/contests/abc224/editorial/2826
C225,C,225,5,https://atcoder.jp/contests/abc225/editorial/2845
C226,C,226,15,https://atcoder.jp/contests/abc226/editorial/2887
C227,C,227,1,https://atcoder.jp/contests/abc227/editorial/2927
C228,C,228,3,https://atcoder.jp/contests/abc228/editorial/2943
C229,C,229,3,https://atcoder.jp/contests/abc229/editorial/2961
C230,C,230,1,https://atcoder.jp/contests/abc230/editorial/3025
C231,C,231,6,https://atcoder.jp/contests/abc231/editorial/3075
C232,C,232,1,https://atcoder.jp/contests/abc232/editorial/3143
C234,C,234,3,https://atcoder.jp/contests/abc234/editorial/3224
C235,C,235,1,https://atcoder.jp/contests/abc235/editorial/3256
C236,C,236,1,https://atcoder.jp/contests/abc236/editorial/3277
C237,C,237,9,https://atcoder.jp/contests/abc237/editorial/3338
C238,C,238,9,https://atcoder.jp/contests/abc238/editorial/3373
C239,C,239,1,https://atcoder.jp/contests/abc239/editorial/3403
C240,C,240,5,https://atcoder.jp/contests/abc240/editorial/3421
C241,C,241,2,https://atcoder.jp/contests/abc241/editorial/3490
C242,C,242,11,https://atcoder.jp/contests/abc242/editorial/3515
C243,C,243,2,https://atcoder.jp/contests/abc243/editorial/3542
C244,C,244,1,https://atcoder.jp/contests/abc244/editorial/3625
C245,C,245,5,https://blog.hamayanhamayan.com/entry/2022/03/26/230115
C246,C,246,2,https://atcoder.jp/contests/abc246/editorial/3707
C248,C,248,5,https://blog.hamayanhamayan.com/entry/2022/04/16/224328
C249,C,249,1,https://blog.hamayanhamayan.com/entry/2022/04/23/225246
C250,C,250,3,https://atcoder.jp/contests/abc250/editorial/3905
C251,C,251,3,https://atcoder.jp/contests/abc251/editorial/3968
C252,C,252,5,https://atcoder.jp/contests/abc252/editorial/3997
C253,C,253,3,https://atcoder.jp/contests/abc253/editorial/4019
C254,C,254,15,https://atcoder.jp/contests/abc254/editorial/4051
C255,C,255,3,https://atcoder.jp/contests/abc255/editorial/4111
C256,C,256,2,https://atcoder.jp/contests/abc256/editorial/4159
C257,C,257,9,https://atcoder.jp/contests/abc257/editorial/4191
C258,C,258,11,https://atcoder.jp/contests/abc258/editorial/4257
C259,C,259,9,https://atcoder.jp/contests/abc259/editorial/4433
C260,C,260,3,https://atcoder.jp/contests/abc260/editorial/4488
C261,C,261,5,https://atcoder.jp/contests/abc261/editorial/4499
C262,C,262,5,https://atcoder.jp/contests/abc262/editorial/4539
C263,C,263,15,https://atcoder.jp/contests/abc263/editorial/4542
C264,C,264,1,https://atcoder.jp/contests/abc264/editorial/4604
C265,C,265,13,https://atcoder.jp/contests/abc265/editorial/4644
C266,C,266,1,https://atcoder.jp/contests/abc266/editorial/4723
C267,C,267,2,https://atcoder.jp/contests/abc267/editorial/4760
C268,C,268,5,https://atcoder.jp/contests/abc268/editorial/4776
C269,C,269,1,https://atcoder.jp/contests/abc269/editorial/4858
C270,C,270,15,https://atcoder.jp/contests/abc270/editorial/4878
C271,C,271,3,https://atcoder.jp/contests/abc271/editorial/4937
C272,C,272,1,https://atcoder.jp/contests/abc272/editorial/4971
C273,C,273,10,https://atcoder.jp/contests/abc273/editorial/5018
C274,C,274,1,https://atcoder.jp/contests/abc274/editorial/5019
C275,C,275,1,https://atcoder.jp/contests/abc275/editorial/5141
C276,C,276,2,https://atcoder.jp/contests/abc276/editorial/5161
C277,C,277,4,https://atcoder.jp/contests/abc277/editorial/5209
C278,C,278,3,https://atcoder.jp/contests/abc278/editorial/5230
C279,C,279,15,https://atcoder.jp/contests/abc279/editorial/5283
C280,C,280,5,https://atcoder.jp/contests/abc280/editorial/5305
C281,C,281,2,https://atcoder.jp/contests/abc281/editorial/5364
C282,C,282,9,https://atcoder.jp/contests/abc282/editorial/5399
C283,C,283,3,https://atcoder.jp/contests/abc283/editorial/5428
C284,C,284,8,https://atcoder.jp/contests/abc284/editorial/5479
C285,C,285,1,https://atcoder.jp/contests/abc285/editorial/5570
C286,C,286,1,https://atcoder.jp/contests/abc286/editorial/5587
C287,C,287,8,https://atcoder.jp/contests/abc287/editorial/5608
C289,C,289,13,https://atcoder.jp/contests/abc289/editorial/5730
C290,C,290,2,https://atcoder.jp/contests/abc290/editorial/5756
C291,C,291,9,https://atcoder.jp/contests/abc291/editorial/5837
C292,C,292,13,https://atcoder.jp/contests/abc292/editorial/5872
C293,C,293,3,https://atcoder.jp/contests/abc293/editorial/5948
C294,C,294,3,https://atcoder.jp/contests/abc294/editorial/5989
C295,C,295,1,https://atcoder.jp/contests/abc295/tasks/abc295_c/editorial?editorialLang=en
C296,C,296,2,https://atcoder.jp/contests/abc296/editorial/6095
C297,C,297,9,https://atcoder.jp/contests/abc297/editorial/6175
C298,C,298,3,https://atcoder.jp/contests/abc298/editorial/6217
C299,C,299,3,https://atcoder.jp/contests/abc299/editorial/6214
C300,C,300,3,https://atcoder.jp/contests/abc300/editorial/6280
C301,C,301,1,https://atcoder.jp/contests/abc301/editorial/6339
C302,C,302,3,https://atcoder.jp/contests/abc302/editorial/6408
C303,C,303,2,https://atcoder.jp/contests/abc303/editorial/6440
C304,C,304,8,https://atcoder.jp/contests/abc304/editorial/6512
C305,C,305,1,https://atcoder.jp/contests/abc305/editorial/6559
C306,C,306,1,https://atcoder.jp/contests/abc306/tasks/abc306_c/editorial?editorialLang=en
C307,C,307,9,https://atcoder.jp/contests/abc307/editorial/6664
C308,C,308,1,https://atcoder.jp/contests/abc308/editorial/6689
C309,C,309,3,https://atcoder.jp/contests/abc309/editorial/6768
C310,C,310,3,https://atcoder.jp/contests/abc310/editorial/6790
C311,C,311,8,https://atcoder.jp/contests/abc311/editorial/6820
C312,C,312,3,https://atcoder.jp/contests/abc312/editorial/6856
C313,C,313,1,https://atcoder.jp/contests/abc313/tasks/abc313_c/editorial?editorialLang=en
D100,D,100,5,https://blog.hamayanhamayan.com/entry/2018/06/17/113721
D103,D,103,9,https://blog.hamayanhamayan.com/entry/2018/07/21/225127
D104,D,104,5,https://atcoder.jp/contests/abc104/editorial/4949
D105,D,105,2,https://blog.hamayanhamayan.com/entry/2018/08/12/010816
D106,D,106,2,https://blog.hamayanhamayan.com/entry/2018/08/18/234325
D109,D,109,1,https://blog.hamayanhamayan.com/entry/2018/09/09/004851
D110,D,110,11,https://blog.hamayanhamayan.com/entry/2018/09/23/234827
D112,D,112,10,https://blog.hamayanhamayan.com/entry/2018/10/06/233701
D113,D,113,5,https://blog.hamayanhamayan.com/entry/2018/11/07/191343
D114,D,114,10,https://blog.hamayanhamayan.com/entry/2018/12/02/233028
D115,D,115,2,https://blog.hamayanhamayan.com/entry/2018/12/09/101457
D119,D,119,2,https://blog.hamayanhamayan.com/entry/2019/02/25/000533
D120,D,120,1,https://blog.hamayanhamayan.com/entry/2019/03/03/234427
D122,D,122,5,https://blog.hamayanhamayan.com/entry/2019/03/25/232610
D123,D,123,3,https://blog.hamayanhamayan.com/entry/2019/04/07/113100
D124,D,124,4,https://blog.hamayanhamayan.com/entry/2019/04/14/100439
D125,D,125,11,https://blog.hamayanhamayan.com/entry/2019/04/28/091246
D126,D,126,15,https://blog.hamayanhamayan.com/entry/2019/05/20/232041
D128,D,128,1,https://blog.hamayanhamayan.com/entry/2019/06/03/203333
D129,D,129,3,https://blog.hamayanhamayan.com/entry/2019/06/10/003214
D130,D,130,3,https://blog.hamayanhamayan.com/entry/2019/06/17/211704
D131,D,131,9,https://blog.hamayanhamayan.com/entry/2019/06/22/225622
D132,D,132,2,https://blog.hamayanhamayan.com/entry/2019/06/30/104521
D133,D,133,1,https://blog.hamayanhamayan.com/entry/2019/07/08/212938
D134,D,134,1,https://blog.hamayanhamayan.com/entry/2019/07/20/233440
D135,D,135,5,https://blog.hamayanhamayan.com/entry/2019/07/28/111821
D136,D,136,5,https://blog.hamayanhamayan.com/entry/2019/08/07/204315
D137,D,137,9,https://blog.hamayanhamayan.com/entry/2019/08/14/131214
D138,D,138,2,https://blog.hamayanhamayan.com/entry/2019/08/19/024030
D139,D,139,1,https://blog.hamayanhamayan.com/entry/2019/09/04/220606_1
D140,D,140,9,https://blog.hamayanhamayan.com/entry/2019/09/11/203310_2
D142,D,142,11,https://blog.hamayanhamayan.com/entry/2019/09/28/230805
D143,D,143,2,https://blog.hamayanhamayan.com/entry/2019/10/19/224640_2
D144,D,144,5,https://blog.hamayanhamayan.com/entry/2019/10/27/233430
D145,D,145,11,https://blog.hamayanhamayan.com/entry/2019/11/16/233738
D146,D,146,9,https://blog.hamayanhamayan.com/entry/2019/11/24/231120
D147,D,147,13,https://blog.hamayanhamayan.com/entry/2019/12/13/214444
D148,D,148,9,https://blog.hamayanhamayan.com/entry/2019/12/23/220043
D150,D,150,10,https://blog.hamayanhamayan.com/entry/2020/01/11/145024
D151,D,151,7,https://blog.hamayanhamayan.com/entry/2020/01/12/225950
D152,D,152,1,https://blog.hamayanhamayan.com/entry/2020/01/25/120826
D153,D,153,3,https://blog.hamayanhamayan.com/entry/2020/01/27/202817
D154,D,154,2,https://blog.hamayanhamayan.com/entry/2020/02/09/225043
D155,D,155,3,https://blog.hamayanhamayan.com/entry/2020/02/16/230926
D156,D,156,11,https://blog.hamayanhamayan.com/entry/2020/02/24/091929
D157,D,157,1,https://blog.hamayanhamayan.com/entry/2020/03/02/001029
D160,D,160,9,https://blog.hamayanhamayan.com/entry/2020/03/29/000745
D161,D,161,2,https://blog.hamayanhamayan.com/entry/2020/04/04/231247
D164,D,164,11,https://blog.hamayanhamayan.com/entry/2020/04/26/232032
D167,D,167,5,https://blog.hamayanhamayan.com/entry/2020/05/10/232914
D169,D,169,11,https://blog.hamayanhamayan.com/entry/2020/06/01/210704
D170,D,170,1,https://blog.hamayanhamayan.com/entry/2020/06/14/232009
D171,D,171,1,https://blog.hamayanhamayan.com/entry/2020/06/23/193140
D173,D,173,9,https://blog.hamayanhamayan.com/entry/2020/07/05/235409
D175,D,175,12,https://atcoder.jp/contests/abc175/editorial/4722
D176,D,176,7,https://atcoder.jp/contests/abc176/editorial/65
D177,D,177,8,https://atcoder.jp/contests/abc177/editorial/90
D178,D,178,10,https://atcoder.jp/contests/abc178/editorial/2430
D179,D,179,12,https://maspypy.com/atcoder-%e5%8f%82%e5%8a%a0%e6%84%9f%e6%83%b3-2020-09-19abc-179#toc3
D180,D,180,3,https://atcoder.jp/contests/abc180/editorial/1172
D181,D,181,11,https://atcoder.jp/contests/abc181/editorial/259
D182,D,182,2,https://atcoder.jp/contests/abc182/editorial/291
D183,D,183,2,https://atcoder.jp/contests/abc183/editorial/284
D185,D,185,2,https://atcoder.jp/contests/abc185/editorial/357
D186,D,186,2,https://atcoder.jp/contests/abc186/editorial/402
D187,D,187,3,https://atcoder.jp/contests/abc187/editorial/486
D188,D,188,4,https://atcoder.jp/contests/abc188/editorial/346
D189,D,189,1,https://atcoder.jp/contests/abc189/editorial/537
D190,D,190,10,https://atcoder.jp/contests/abc190/editorial/643
D191,D,191,1,https://atcoder.jp/contests/abc191/editorial/611
D192,D,192,5,https://blog.hamayanhamayan.com/entry/2021/02/20/233715
D193,D,193,5,https://atcoder.jp/contests/abc193/editorial/810
D194,D,194,5,https://blog.hamayanhamayan.com/entry/2021/03/07/000733
D195,D,195,9,https://blog.hamayanhamayan.com/entry/2021/03/14/002113
D196,D,196,5,https://blog.hamayanhamayan.com/entry/2021/03/21/124541
D198,D,198,15,https://blog.hamayanhamayan.com/entry/2021/04/11/225553
D201,D,201,5,https://blog.hamayanhamayan.com/entry/2021/05/15/235741
D202,D,202,2,https://blog.hamayanhamayan.com/entry/2021/05/22/225424
D203,D,203,3,https://blog.hamayanhamayan.com/entry/2021/05/30/225914
D208,D,208,9,https://blog.hamayanhamayan.com/entry/2021/07/05/013220
D209,D,209,2,https://blog.hamayanhamayan.com/entry/2021/07/11/154020
D211,D,211,9,https://atcoder.jp/contests/abc211/editorial/2003
D212,D,212,9,https://blog.hamayanhamayan.com/entry/2021/08/01/012059
D213,D,213,15,https://blog.hamayanhamayan.com/entry/2021/08/09/010207
D214,D,214,1,https://blog.hamayanhamayan.com/entry/2021/08/15/034729
D215,D,215,5,https://atcoder.jp/contests/abc215/editorial/2539
D216,D,216,9,https://blog.hamayanhamayan.com/entry/2021/08/29/230959
D218,D,218,1,https://atcoder.jp/contests/abc218/editorial/2636
D219,D,219,5,https://blog.hamayanhamayan.com/entry/2021/10/10/151003
D220,D,220,5,https://atcoder.jp/contests/abc220/editorial/2682
D221,D,221,1,https://atcoder.jp/contests/abc221/editorial/2722
D222,D,222,5,https://blog.hamayanhamayan.com/entry/2021/10/10/133722
D224,D,224,7,https://atcoder.jp/contests/abc224/editorial/2813
D225,D,225,3,https://atcoder.jp/contests/abc225/editorial/2832
D226,D,226,10,https://atcoder.jp/contests/abc226/editorial/2880
D227,D,227,9,https://atcoder.jp/contests/abc227/editorial/2928
D228,D,228,8,https://atcoder.jp/contests/abc228/editorial/2962
D229,D,229,2,https://atcoder.jp/contests/abc229/editorial/2956
D230,D,230,2,https://atcoder.jp/contests/abc230/editorial/3013
D231,D,231,8,https://atcoder.jp/contests/abc231/editorial/3063
D232,D,232,5,https://atcoder.jp/contests/abc232/editorial/3146
D233,D,233,2,https://atcoder.jp/contests/abc233/editorial/3163
D235,D,235,2,https://atcoder.jp/contests/abc235/editorial/3255
D236,D,236,15,https://atcoder.jp/contests/abc236/editorial/3316
D237,D,237,3,https://atcoder.jp/contests/abc237/editorial/3323
D238,D,238,13,https://atcoder.jp/contests/abc238/editorial/3374
D239,D,239,11,https://atcoder.jp/contests/abc239/editorial/3384
D240,D,240,1,https://atcoder.jp/contests/abc240/editorial/3424
D241,D,241,10,https://atcoder.jp/contests/abc241/editorial/3488
D242,D,242,3,https://atcoder.jp/contests/abc242/editorial/3520
D243,D,243,7,https://atcoder.jp/contests/abc243/editorial/3511
D244,D,244,9,https://atcoder.jp/contests/abc244/editorial/3594
D245,D,245,1,https://atcoder.jp/contests/abc245/editorial/3668
D246,D,246,3,https://blog.hamayanhamayan.com/entry/2022/04/03/012001
D247,D,247,6,https://atcoder.jp/contests/abc247/editorial/3781
D248,D,248,12,https://atcoder.jp/contests/abc248/editorial/3819
D250,D,250,11,https://atcoder.jp/contests/abc250/editorial/3950
D251,D,251,1,https://atcoder.jp/contests/abc251/editorial/3958
D252,D,252,5,https://atcoder.jp/contests/abc252/editorial/4011
D253,D,253,14,https://atcoder.jp/contests/abc253/editorial/4017
D254,D,254,5,https://atcoder.jp/contests/abc254/editorial/4088
D255,D,255,3,https://atcoder.jp/contests/abc255/editorial/4109
D256,D,256,2,https://atcoder.jp/contests/abc256/editorial/4159
D257,D,257,9,https://atcoder.jp/contests/abc257/editorial/4191
D258,D,258,11,https://atcoder.jp/contests/abc258/editorial/4257
D259,D,259,9,https://atcoder.jp/contests/abc259/editorial/4433
D260,D,260,3,https://atcoder.jp/contests/abc260/editorial/4488
D261,D,261,5,https://atcoder.jp/contests/abc261/editorial/4499
D262,D,262,5,https://atcoder.jp/contests/abc262/editorial/4539
D263,D,263,5,https://atcoder.jp/contests/abc263/editorial/4576
D264,D,264,7,https://atcoder.jp/contests/abc264/editorial/4582
D265,D,265,2,https://atcoder.jp/contests/abc265/editorial/4688
D266,D,266,5,https://atcoder.jp/contests/abc266/editorial/4661
D267,D,267,5,https://atcoder.jp/contests/abc267/editorial/4728
D269,D,269,15,https://atcoder.jp/contests/abc269/editorial/4845
D270,D,270,9,https://atcoder.jp/contests/abc270/editorial/4850
D271,D,271,5,https://atcoder.jp/contests/abc271/editorial/4922
D272,D,272,7,https://atcoder.jp/contests/abc272/editorial/4978
D273,D,273,3,https://atcoder.jp/contests/abc273/editorial/5022
D274,D,274,5,https://atcoder.jp/contests/abc274/editorial/5079
D275,D,275,1,https://atcoder.jp/contests/abc275/editorial/5110
D276,D,276,10,https://atcoder.jp/contests/abc276/editorial/5167
D277,D,277,1,https://atcoder.jp/contests/abc277/editorial/5203
D278,D,278,12,https://atcoder.jp/contests/abc278/editorial/5231
D279,D,279,1,https://atcoder.jp/contests/abc279/tasks/abc279_d/editorial?editorialLang=en
D280,D,280,11,https://atcoder.jp/contests/abc280/editorial/5330
D281,D,281,5,https://atcoder.jp/contests/abc281/editorial/5366
D282,D,282,15,https://atcoder.jp/contests/abc282/editorial/5397
D283,D,283,15,https://atcoder.jp/contests/abc283/editorial/5454
D284,D,284,1,https://atcoder.jp/contests/abc284/tasks/abc284_d/editorial?editorialLang=en
D285,D,285,8,https://atcoder.jp/contests/abc285/editorial/5512
D286,D,286,5,https://atcoder.jp/contests/abc286/editorial/5567
D287,D,287,5,https://atcoder.jp/contests/abc287/editorial/5631
D289,D,289,5,https://atcoder.jp/contests/abc289/editorial/5715
D290,D,290,1,https://atcoder.jp/contests/abc290/tasks/abc290_d/editorial?editorialLang=en
D291,D,291,5,https://atcoder.jp/contests/abc291/editorial/5838
D292,D,292,8,https://atcoder.jp/contests/abc292/editorial/5942
D293,D,293,7,https://atcoder.jp/contests/abc293/editorial/5954
D294,D,294,2,https://atcoder.jp/contests/abc294/editorial/6005
D295,D,295,2,https://atcoder.jp/contests/abc295/editorial/6059
D296,D,296,2,https://atcoder.jp/contests/abc296/editorial/6115
D297,D,297,5,https://atcoder.jp/contests/abc297/editorial/6160
D298,D,298,12,https://atcoder.jp/contests/abc298/editorial/6236
D299,D,299,8,https://atcoder.jp/contests/abc299/editorial/6245
D300,D,300,11,https://atcoder.jp/contests/abc300/editorial/6294
D301,D,301,9,https://atcoder.jp/contests/abc301/tasks/abc301_d/editorial?editorialLang=en
D302,D,302,3,https://atcoder.jp/contests/abc302/editorial/6406
D303,D,303,5,https://atcoder.jp/contests/abc303/editorial/6442
D304,D,304,3,https://atcoder.jp/contests/abc304/editorial/6499
D305,D,305,3,https://atcoder.jp/contests/abc305/editorial/6541
D306,D,306,5,https://atcoder.jp/contests/abc306/editorial/6606
D307,D,307,9,https://atcoder.jp/contests/abc307/editorial/6647
D308,D,308,1,https://atcoder.jp/contests/abc308/tasks/abc308_d/editorial?editorialLang=en
D309,D,309,9,https://atcoder.jp/contests/abc309/editorial/6747
D310,D,310,5,https://atcoder.jp/contests/abc310/editorial/6783
D311,D,311,7,https://atcoder.jp/contests/abc311/editorial/6821
D312,D,312,5,https://atcoder.jp/contests/abc312/editorial/6852
D313,D,313,8,https://atcoder.jp/contests/abc313/editorial/6921
